n;complexSort.csv t(s);complexSort.csv opérations
1;2.384185791015625e-06;0
2;1.6689300537109375e-06;0
4;7.152557373046875e-07;0
8;1.1920928955078125e-06;0
16;1.1920928955078125e-06;0
32;2.1457672119140625e-06;0
64;5.245208740234375e-06;0
128;8.344650268554688e-06;0
256;1.5735626220703125e-05;0
