n;complexPivot.csv t(s);complexPivot.csv opérations
1;1.049041748046875e-05;1
2;8.106231689453125e-06;4
4;1.1205673217773438e-05;15
8;1.7881393432617188e-05;34
16;4.076957702636719e-05;87
32;0.00011372566223144531;276
64;0.0002465248107910156;604
128;0.0006315708160400391;1541
256;0.001432657241821289;3436
