n;complexSelection.csv t(s);complexSelection.csv opérations
1;3.0994415283203125e-06;0
2;7.152557373046875e-06;2
4;4.00543212890625e-05;9
8;2.9325485229492188e-05;35
16;8.177757263183594e-05;135
32;0.00033211708068847656;527
64;0.0012307167053222656;2079
128;0.003351926803588867;8255
256;0.012836217880249023;32895
