n;complexBulles.csv t(s);complexBulles.csv opérations
1;5.7220458984375e-06;0
2;1.1205673217773438e-05;3
4;1.9311904907226562e-05;10
8;4.100799560546875e-05;36
16;0.0001246929168701172;136
32;0.0005536079406738281;528
64;0.0023925304412841797;2080
128;0.0117034912109375;8256
256;0.0919344425201416;32896
