n;testComplexSort.csv t(s);testComplexSort.csv opérations
1;1.9073486328125e-06;0
2;1.430511474609375e-06;0
4;9.5367431640625e-07;0
8;9.5367431640625e-07;0
16;1.6689300537109375e-06;0
32;1.6689300537109375e-06;0
64;6.198883056640625e-06;0
128;8.344650268554688e-06;0
256;1.6927719116210938e-05;0
512;3.719329833984375e-05;0
1024;9.202957153320312e-05;0
2048;0.00019884109497070312;0
4096;0.00043201446533203125;0
