n;testComplexSort.csv t(s);testComplexSort.csv opérations
1;1.9073486328125e-06;0
2;1.1920928955078125e-06;0
4;1.1920928955078125e-06;0
8;9.5367431640625e-07;0
16;1.3589859008789062e-05;0
32;2.384185791015625e-06;0
64;6.67572021484375e-06;0
128;1.1920928955078125e-05;0
256;1.8596649169921875e-05;0
512;5.1021575927734375e-05;0
1024;9.846687316894531e-05;0
2048;0.00020051002502441406;0
4096;0.0004341602325439453;0
