n;testComplexSort.csv t(s);testComplexSort.csv opérations
1;2.384185791015625e-06;0
2;1.1920928955078125e-06;0
4;9.5367431640625e-07;0
8;1.430511474609375e-06;0
16;1.6689300537109375e-06;0
32;2.6226043701171875e-06;0
64;6.9141387939453125e-06;0
128;1.1444091796875e-05;0
256;1.8358230590820312e-05;0
512;3.910064697265625e-05;0
1024;0.00011777877807617188;0
2048;0.00024390220642089844;0
4096;0.0006129741668701172;0
